{
  "generateBaseHtml": true,
  "dtMode": false,
  "delayShowComplete": true,
  "useBatchProcessing": true,
  "cssResources": [
    "css/amx.css"
  ],
  "jsResources": [
    "js/adf.el.js",
    "js/jquery-2.0.0.js",
    "js/amx.js",
    "js/adfc-mobile.js",
    "js/base-controller.js",
    "js/Core.js",
    "js/CoreFormat.js",
    "js/DateFormat.js",
    "js/NumberFormat.js",
    "js/NumberConverter.js",
    "js/cordova-2.2.0.js",
    "js/adf.mf.device.integration.js"
  ],
  "locale":
    "js/Locale.js"
}