<?xml version="1.0" encoding="UTF-8" ?>
<adfmf:features xmlns:xsi="http://www.w3.org/2001/XMLSchema-instance" xmlns:adfmf="http://xmlns.oracle.com/adf/mf">
  <adfmf:feature id="deviceFeatures" name="Device Features">
    <adfmf:content id="deviceFeatures.1">
      <adfmf:amx file="deviceFeatures/dev_features.amx"/>
    </adfmf:content>
    <adfmf:deviceFeatureAccess>
      <adfmf:deviceNetwork access="true" id="dn1"/>
      <adfmf:deviceCamera access="true" id="dc1"/>
    </adfmf:deviceFeatureAccess>
  </adfmf:feature>
</adfmf:features>
